app.js
browser/jquery.js
browser/jquery.mobile-events.js
browser/js.js
browser/layout.js
browser/upload.js
config.js
context.js
curl.js
curl/plugin/_fetchText.js
curl/plugin/sj.js
download.js
fonts/Abel/abel-regular-webfont.ttf
fonts/ArchivoNarrow/archivonarrow-bolditalic-webfont.ttf
fonts/ArchivoNarrow/archivonarrow-bold-webfont.ttf
fonts/ArchivoNarrow/archivonarrow-italic-webfont.ttf
fonts/ArchivoNarrow/archivonarrow-regular-webfont.ttf
fonts/arvo/Arvo-BoldItalic.ttf
fonts/arvo/Arvo-BoldItalic-webfont.ttf
fonts/arvo/Arvo-Bold.ttf
fonts/arvo/Arvo-Bold-webfont.ttf
fonts/arvo/Arvo-Italic.ttf
fonts/arvo/Arvo-Italic-webfont.ttf
fonts/arvo/Arvo-Regular.ttf
fonts/arvo/Arvo-Regular-webfont.ttf
fonts/banda_regular/Banda_regular-webfont.ttf
fonts/Bebas/BEBAS-webfont.ttf
fonts/bebas_neue/bebasneue-webfont.ttf
fonts/BenchNine/benchnine-bold-webfont.ttf
fonts/BenchNine/benchnine-light-webfont.ttf
fonts/BenchNine/benchnine-regular-webfont.ttf
fonts/Bitstream-Vera-Sans-Mono/VeraMono-Bold-Italic-webfont.ttf
fonts/Bitstream-Vera-Sans-Mono/VeraMono-Bold-webfont.ttf
fonts/Bitstream-Vera-Sans-Mono/VeraMono-Italic-webfont.ttf
fonts/Bitstream-Vera-Sans-Mono/VeraMono-webfont.ttf
fonts/Bitstream-Vera-Sans/Vera-Bold-Italic-webfont.ttf
fonts/Bitstream-Vera-Sans/Vera-Bold-webfont.ttf
fonts/Bitstream-Vera-Sans/Vera-Italic-webfont.ttf
fonts/Bitstream-Vera-Sans/Vera-webfont.ttf
fonts/BPscript/BPscript.ttf
fonts/BPscript/BPscript-webfont.ttf
fonts/CherrySwash/cherryswash-bold-webfont.ttf
fonts/CherrySwash/cherryswash-regular-webfont.ttf
fonts/ChunkFive/Chunkfive-webfont.ttf
fonts/classicround_medium/ClassicRound-Medium-webfont.ttf
fonts/ClickerScript/clickerscript-regular-webfont.ttf
fonts/codepro_lightdemo/Code_Pro_Light_Demo-webfont.ttf
fonts/codepro_regulardemo/Code_Pro_Demo-webfont.ttf
fonts/Codystar/codystar-light-webfont.ttf
fonts/Codystar/codystar-regular-webfont.ttf
fonts/Comic-Zine-OT/comic_zine_ot.ttf
fonts/Comic-Zine-OT/comic_zine_ot-webfont.ttf
fonts/Cookie/cookie-regular-webfont.ttf
fonts/Coustard/coustard-black-webfont.ttf
fonts/Coustard/coustard-regular-webfont.ttf
fonts/Crimson/Crimson-BoldItalic-webfont.ttf
fonts/Crimson/Crimson-Bold-webfont.ttf
fonts/Crimson/Crimson-Italic-webfont.ttf
fonts/Crimson/Crimson-Roman-webfont.ttf
fonts/Crimson/Crimson-SemiboldItalic-webfont.ttf
fonts/Crimson/Crimson-Semibold-webfont.ttf
fonts/Cutive/cutive-regular-webfont.ttf
fonts/Droid-Serif/DroidSerif-BoldItalic.ttf
fonts/Droid-Serif/DroidSerif-BoldItalic-webfont.ttf
fonts/Droid-Serif/DroidSerif-Bold.ttf
fonts/Droid-Serif/DroidSerif-Bold-webfont.ttf
fonts/Droid-Serif/DroidSerif-Italic.ttf
fonts/Droid-Serif/DroidSerif-Italic-webfont.ttf
fonts/Droid-Serif/DroidSerif-Regular.ttf
fonts/Droid-Serif/DroidSerif-Regular-webfont.ttf
fonts/fjord/FjordOne-Regular-webfont.ttf
fonts/Flamenco/flamenco-light-webfont.ttf
fonts/Flamenco/flamenco-regular-webfont.ttf
fonts/Folk/folkoutline-webfont.ttf
fonts/Folk/folkshadow-webfont.ttf
fonts/Folk/folksketches-webfont.ttf
fonts/Folk/folksolid-webfont.ttf
fonts/Folks-Light/Folks-Bold.ttf
fonts/Folks-Light/Folks-Bold-webfont.ttf
fonts/Folks-Light/Folks-Heavy.ttf
fonts/Folks-Light/Folks-Heavy-webfont.ttf
fonts/Folks-Light/Folks-Light.ttf
fonts/Folks-Light/Folks-Light-webfont.ttf
fonts/Folks-Light/Folks-Normal.ttf
fonts/Folks-Light/Folks-Normal-webfont.ttf
fonts/gibson/gibson-bold-italic/webfonts/gibson-bold-italic.ttf
fonts/gibson/gibson-bold/webfonts/gibson-bold.ttf
fonts/gibson/gibson/gibson-webfont.ttf
fonts/gibson/gibson-italic/webfonts/gibson-italic.ttf
fonts/gibson/gibson-light-italic/webfonts/gibson-light-italic.ttf
fonts/gibson/gibson-light/webfonts/gibson-light.ttf
fonts/gibson/gibson-semibold/gibson-semibold-webfont.ttf
fonts/gibson/gibson-semibold-italic/webfonts/gibson-semibold-italic.ttf
fonts/JosefinSans/josefinsans-bolditalic-webfont.ttf
fonts/JosefinSans/josefinsans-bold-webfont.ttf
fonts/JosefinSans/josefinsans-italic-webfont.ttf
fonts/JosefinSans/josefinsans-lightitalic-webfont.ttf
fonts/JosefinSans/josefinsans-light-webfont.ttf
fonts/JosefinSans/josefinsans-regular-webfont.ttf
fonts/JosefinSans/josefinsans-semibolditalic-webfont.ttf
fonts/JosefinSans/josefinsans-semibold-webfont.ttf
fonts/JosefinSans/josefinsans-thinitalic-webfont.ttf
fonts/JosefinSans/josefinsans-thin-webfont.ttf
fonts/josefin-slab/JosefinSlab-BoldItalic.ttf
fonts/josefin-slab/JosefinSlab-BoldItalic-webfont.ttf
fonts/josefin-slab/JosefinSlab-Bold.ttf
fonts/josefin-slab/JosefinSlab-Bold-webfont.ttf
fonts/josefin-slab/JosefinSlab-Italic.ttf
fonts/josefin-slab/JosefinSlab-Italic-webfont.ttf
fonts/josefin-slab/JosefinSlab-LightItalic.ttf
fonts/josefin-slab/JosefinSlab-LightItalic-webfont.ttf
fonts/josefin-slab/JosefinSlab-Light.ttf
fonts/josefin-slab/JosefinSlab-Light-webfont.ttf
fonts/josefin-slab/JosefinSlab-Regular.ttf
fonts/josefin-slab/JosefinSlab-Regular-webfont.ttf
fonts/josefin-slab/JosefinSlab-SemiBoldItalic.ttf
fonts/josefin-slab/JosefinSlab-SemiBoldItalic-webfont.ttf
fonts/josefin-slab/JosefinSlab-SemiBold.ttf
fonts/josefin-slab/JosefinSlab-SemiBold-webfont.ttf
fonts/josefin-slab/JosefinSlab-ThinItalic.ttf
fonts/josefin-slab/JosefinSlab-ThinItalic-webfont.ttf
fonts/josefin-slab/JosefinSlab-Thin.ttf
fonts/josefin-slab/JosefinSlab-Thin-webfont.ttf
fonts/Komika-Title/KomikaTitle-Axis.ttf
fonts/Komika-Title/KomikaTitle-Axis-webfont.ttf
fonts/Komika-Title/KomikaTitle-Kaps.ttf
fonts/Komika-Title/KomikaTitle-Kaps-webfont.ttf
fonts/Komika-Title/KomikaTitle-Paint.ttf
fonts/Komika-Title/KomikaTitle-Paint-webfont.ttf
fonts/Komika-Title/KomikaTitle.ttf
fonts/Komika-Title/KomikaTitle-webfont.ttf
fonts/Komika-Title/KomikaTitle-Wide.ttf
fonts/Komika-Title/KomikaTitle-Wide-webfont.ttf
fonts/Lane/LANENAR_.ttf
fonts/Lane/LANENAR-webfont.ttf
fonts/Lane/LANEPOSH.ttf
fonts/Lane/LANEPOSH-webfont.ttf
fonts/Lane/LANEUP__.ttf
fonts/Lane/LANEUP-webfont.ttf
fonts/Lato/lato-blackitalic-webfont.ttf
fonts/Lato/lato-black-webfont.ttf
fonts/Lato/lato-bolditalic-webfont.ttf
fonts/Lato/lato-bold-webfont.ttf
fonts/Lato/lato-hairlineitalic-webfont.ttf
fonts/Lato/lato-hairline-webfont.ttf
fonts/Lato/lato-italic-webfont.ttf
fonts/Lato/lato-lightitalic-webfont.ttf
fonts/Lato/lato-light-webfont.ttf
fonts/Lato/lato-regular-webfont.ttf
fonts/League-Gothic/League_Gothic.ttf
fonts/League-Gothic/League_Gothic-webfont.ttf
fonts/LemonChicken/LEMONCHI.ttf
fonts/LemonChicken/LEMONCHI-webfont.ttf
fonts/Libre_Baskerville/librebaskerville-bold-webfont.ttf
fonts/Libre_Baskerville/librebaskerville-italic-webfont.ttf
fonts/Libre_Baskerville/librebaskerville-regular-webfont.ttf
fonts/Lilly/Lilly__.ttf
fonts/Lilly/Lilly-webfont.ttf
fonts/Lobster/Lobster_1.3.ttf
fonts/Lobster/Lobster_1.3-webfont.ttf
fonts/lobster-two/LobsterTwo-BoldItalic-webfont.ttf
fonts/lobster-two/LobsterTwo-Bold-webfont.ttf
fonts/lobster-two/LobsterTwo-Italic-webfont.ttf
fonts/lobster-two/LobsterTwo-Regular-webfont.ttf
fonts/Lusitana/lusitana-bold-webfont.ttf
fonts/Lusitana/lusitana-regular-webfont.ttf
fonts/Matiz/Matiz.ttf
fonts/Matiz/Matiz-webfont.ttf
fonts/merge_light/merge_light-webfont.ttf
fonts/Miniver/miniver-regular-webfont.ttf
fonts/Montserrat/montserrat-bold-webfont.ttf
fonts/Montserrat/montserrat-regular-webfont.ttf
fonts/museo_300/Museo300-Regular-webfont.ttf
fonts/museo_500/Museo500-Regular-webfont.ttf
fonts/museo_700/Museo700-Regular-webfont.ttf
fonts/nevis/nevis-webfont.ttf
fonts/Nixie_One/nixieone-regular-webfont.ttf
fonts/novecentowide_bold/Novecentowide-Bold-webfont.ttf
fonts/novecentowide_medium/Novecentowide-Medium-webfont.ttf
fonts/Nunito/nunito-bold-webfont.ttf
fonts/Nunito/nunito-light-webfont.ttf
fonts/Nunito/nunito-regular-webfont.ttf
fonts/Open_Sans/opensans-bolditalic-webfont.ttf
fonts/Open_Sans/opensans-bold-webfont.ttf
fonts/Open_Sans/opensans-extrabolditalic-webfont.ttf
fonts/Open_Sans/opensans-extrabold-webfont.ttf
fonts/Open_Sans/opensans-italic-webfont.ttf
fonts/Open_Sans/opensans-lightitalic-webfont.ttf
fonts/Open_Sans/opensans-light-webfont.ttf
fonts/Open_Sans/opensans-regular-webfont.ttf
fonts/Open_Sans/opensans-semibolditalic-webfont.ttf
fonts/Open_Sans/opensans-semibold-webfont.ttf
fonts/Oswald/oswald-bold-webfont.ttf
fonts/Oswald/oswald-light-webfont.ttf
fonts/Oswald/oswald-regular-webfont.ttf
fonts/Oxygen/oxygen-bold-webfont.ttf
fonts/Oxygen/oxygen-light-webfont.ttf
fonts/Oxygen/oxygen-regular-webfont.ttf
fonts/pacifico/Pacifico.ttf
fonts/pacifico/Pacifico-webfont.ttf
fonts/Petit_Formal_Script/petitformalscript-regular-webfont.ttf
fonts/Podkova/podkova-bold-webfont.ttf
fonts/Podkova/podkova-regular-webfont.ttf
fonts/Questrial/questrial-regular-webfont.ttf
fonts/Quicksand/Quicksand_Bold_Oblique-webfont.ttf
fonts/Quicksand/Quicksand_Bold-webfont.ttf
fonts/Quicksand/Quicksand_Book_Oblique-webfont.ttf
fonts/Quicksand/Quicksand_Book-webfont.ttf
fonts/Quicksand/Quicksand_Dash-webfont.ttf
fonts/Quicksand/Quicksand_Light_Oblique-webfont.ttf
fonts/Quicksand/Quicksand_Light-webfont.ttf
fonts/Raleway/raleway-bold-webfont.ttf
fonts/Raleway/raleway-extrabold-webfont.ttf
fonts/Raleway/raleway-extralight-webfont.ttf
fonts/Raleway/raleway-heavy-webfont.ttf
fonts/Raleway/raleway-light-webfont.ttf
fonts/Raleway/raleway-medium-webfont.ttf
fonts/Raleway/raleway-regular-webfont.ttf
fonts/Raleway/raleway-semibold-webfont.ttf
fonts/Raleway/raleway-thin-webfont.ttf
fonts/Rokkitt/rokkitt-bold-webfont.ttf
fonts/Rokkitt/rokkitt-regular-webfont.ttf
fonts/Special_Elite/specialelite-webfont.ttf
fonts/st_ryde_regular/stryde-regular-webfont.ttf
HiveNotifications.js
.htaccess
index.html
jquery.js
main.css
menu.js
minimal.css
templates/cards.html
templates/expr_card_feed.html
templates/feed_card.html
templates/user_card.html
text/stringjay.js
ui/dialog.js
ui/menu.js
ui/util.js
unused_button_events.js
unused_download.js
