arvo/Arvo-BoldItalic
arvo/Arvo-Bold
arvo/Arvo-Italic
arvo/Arvo-Regular
banda_regular/Banda_regular
Bebas/BEBAS
Bitstream-Vera-Sans/Vera-Bold-Italic
Bitstream-Vera-Sans/Vera-Bold
Bitstream-Vera-Sans/Vera-Italic
Bitstream-Vera-Sans/Vera
BPscript/BPscript
ChunkFive/Chunkfive
classicround_medium/ClassicRound-Medium
codepro_lightdemo/Code_Pro_Light_Demo
codepro_regulardemo/Code_Pro_Demo
Comic-Zine-OT/comic_zine_ot
Crimson/Crimson-BoldItalic
Crimson/Crimson-Bold
Crimson/Crimson-Italic
Crimson/Crimson-Roman
Crimson/Crimson-SemiboldItalic
Crimson/Crimson-Semibold
Droid-Serif/DroidSerif-BoldItalic
Droid-Serif/DroidSerif-Bold
Droid-Serif/DroidSerif-Italic
Droid-Serif/DroidSerif-Regular
fjord/FjordOne-Regular
Folks-Light/Folks-Bold
Folks-Light/Folks-Heavy
Folks-Light/Folks-Light
Folks-Light/Folks-Normal
josefin-slab/JosefinSlab-BoldItalic
josefin-slab/JosefinSlab-Bold
josefin-slab/JosefinSlab-Italic
josefin-slab/JosefinSlab-LightItalic
josefin-slab/JosefinSlab-Light
josefin-slab/JosefinSlab-Regular
josefin-slab/JosefinSlab-SemiBoldItalic
josefin-slab/JosefinSlab-SemiBold
josefin-slab/JosefinSlab-ThinItalic
josefin-slab/JosefinSlab-Thin
Komika-Title/KomikaTitle-Axis
Komika-Title/KomikaTitle-Kaps
Komika-Title/KomikaTitle-Paint
Komika-Title/KomikaTitle
Komika-Title/KomikaTitle-Wide
Lane/LANENAR
Lane/LANEPOSH
Lane/LANEUP
LemonChicken/LEMONCHI
Lilly/Lilly
Lobster/Lobster_1.3
lobster-two/LobsterTwo-BoldItalic
lobster-two/LobsterTwo-Bold
lobster-two/LobsterTwo-Italic
lobster-two/LobsterTwo-Regular
Matiz/Matiz
merge_light/merge_light
museo_300/Museo300-Regular
museo_500/Museo500-Regular
museo_700/Museo700-Regular
nevis/nevis.ttf
novecentowide_bold/Novecentowide-Bold
novecentowide_medium/Novecentowide-Medium
pacifico/Pacifico
Quicksand/Quicksand_Bold_Oblique
Quicksand/Quicksand_Bold
Quicksand/Quicksand_Book_Oblique
Quicksand/Quicksand_Book
Quicksand/Quicksand_Dash
Quicksand/Quicksand_Light_Oblique
Quicksand/Quicksand_Light
